المكتب,الموقع,رابط الخرائط,التقييم,عدد المراجعات,ينافس بـ,الخطر من 10,الحالة
سلس لتأجير السيارات,سعود بن عبدالمحسن,https://maps.app.goo.gl/RaMqfu5XHTGdZbW79,4.8,513,الخدمة والثقة,8.5,تحقق جزئي
ذيب لتأجير السيارات,طريق المدينة,https://maps.app.goo.gl/L5qMTtnKp1Dq74Kr5,4.3,248,العلامة والعملية,8.0,تحقق جزئي
يلو لتأجير السيارات,الدائري,https://maps.app.goo.gl/qo7uRfruZwPEN2VVA,4.1,420,التنوع والانتشار,7.5,تحقق جزئي
عبدالرحمن الزمام,الدائري/الوسيطاء,https://maps.app.goo.gl/y7F62JvB6ymi1ASd7,4.7,14,القرب والخدمة الشخصية,4.0,تحقق جزئي
بدجت لتأجير السيارات,طريق المدينة,https://maps.app.goo.gl/AHJFvxaA3SURzGXSA,4.2,260,العلامة والموثوقية,7.0,تحقق جزئي
أملاك التميز,طريق المدينة,https://maps.app.goo.gl/p9AuvBrf5cSPtEuY9,3.6,74,السعر المحلي,5.5,تحقق جزئي
لومي لتأجير السيارات,مطار حائل,https://maps.app.goo.gl/v3wCWCRJ94aCFKsd9,4.1,62,المطار والرقمنة,7.5,تحقق جزئي
التاج الراقي,الزبارة أبو نمر,https://maps.app.goo.gl/atKmiy3i7dcJndKH6,4.5,302,السعر والخدمة المحلية,6.5,تحقق جزئي
شركة حسين,الإدارة/طريق المدينة,https://maps.app.goo.gl/kyB6SW6yNCzujqz79,3.5,20,الموقع,4.5,تحقق جزئي
الحماد,الزبارة,https://maps.app.goo.gl/3Rk7cKzzgg8wc3dU9,3.8,152,القرب والسعر,5.5,تحقق جزئي
هتاف الشمال,الدائري,,غير متاح للتحقق,,غير متاح للتحقق,,غير متاح
المسار,الزبارة,https://maps.app.goo.gl/Bb7i63Jncc3v2WME8,5.0,168,السمعة والتعامل,7.0,تحقق جزئي
كلاس,الزبارة,https://maps.app.goo.gl/CtYnPd7pS1DFDCRF8,4.6,107,جودة الخدمة,6.0,تحقق جزئي
روتانا,الزبارة,https://maps.app.goo.gl/g21Sbv7Z66VMCnES7,4.0,513,الحجم المحلي,6.5,تحقق جزئي
الخضر شراف,الزبارة,https://maps.app.goo.gl/DiGVpeo4icnuZuSp7,4.8,26,العلاقة الشخصية,4.5,تحقق جزئي
كود كار,الزبارة,https://maps.app.goo.gl/1AygM2JrHhTBqBzv6,3.7,226,السعر,5.5,تحقق جزئي
أشجان نجد,الزبارة,https://maps.app.goo.gl/jwsSy9hSp7zK4snN9,4.7,143,الخدمة الشخصية,6.0,تحقق جزئي
مجموعة الصافي,الزبارة,https://maps.app.goo.gl/NTebh4N7qsyCpFvAA,3.9,72,السعر,5.5,تحقق جزئي
الخضر الزهرة,الزهرة,https://maps.app.goo.gl/oPBgscFnnocEVpqG8,4.5,33,الحيّ والقرب,4.5,تحقق جزئي
